id,name,stock,threshold,last_updated
1,Product_1,112,8,2025-05-26 20:03:43
2,Product_2,445,16,2025-05-26 20:03:43
3,Product_3,870,49,2025-05-26 20:03:43
4,Product_4,280,6,2025-05-26 20:03:43
5,Product_5,116,31,2025-05-26 20:03:43
6,Product_6,81,35,2025-05-26 20:03:43
7,Product_7,710,40,2025-05-26 20:03:43
8,Product_8,30,40,2025-05-26 20:03:43
9,Product_9,624,30,2025-05-26 20:03:43
10,Product_10,131,47,2025-05-26 20:03:43
11,Product_11,476,31,2025-05-26 20:03:43
12,Product_12,224,9,2025-05-26 20:03:43
13,Product_13,340,24,2025-05-26 20:03:43
14,Product_14,468,15,2025-05-26 20:03:43
15,Product_15,97,14,2025-05-26 20:03:43
16,Product_16,382,44,2025-05-26 20:03:43
17,Product_17,109,42,2025-05-26 20:03:43
18,Product_18,881,10,2025-05-26 20:03:43
19,Product_19,673,12,2025-05-26 20:03:43
20,Product_20,140,27,2025-05-26 20:03:43
21,Product_21,671,30,2025-05-26 20:03:43
22,Product_22,318,47,2025-05-26 20:03:43
23,Product_23,779,16,2025-05-26 20:03:43
24,Product_24,353,30,2025-05-26 20:03:43
25,Product_25,501,17,2025-05-26 20:03:43
26,Product_26,423,44,2025-05-26 20:03:43
27,Product_27,815,22,2025-05-26 20:03:43
28,Product_28,395,29,2025-05-26 20:03:43
29,Product_29,201,37,2025-05-26 20:03:43
30,Product_30,965,44,2025-05-26 20:03:43
31,Product_31,286,47,2025-05-26 20:03:43
32,Product_32,170,16,2025-05-26 20:03:43
33,Product_33,469,48,2025-05-26 20:03:43
34,Product_34,323,40,2025-05-26 20:03:43
35,Product_35,31,8,2025-05-26 20:03:43
36,Product_36,262,9,2025-05-26 20:03:43
37,Product_37,757,41,2025-05-26 20:03:43
38,Product_38,866,12,2025-05-26 20:03:43
39,Product_39,570,46,2025-05-26 20:03:43
40,Product_40,484,32,2025-05-26 20:03:43
41,Product_41,68,35,2025-05-26 20:03:43
42,Product_42,520,13,2025-05-26 20:03:43
43,Product_43,691,33,2025-05-26 20:03:43
44,Product_44,485,18,2025-05-26 20:03:43
45,Product_45,709,44,2025-05-26 20:03:43
46,Product_46,985,45,2025-05-26 20:03:43
47,Product_47,792,26,2025-05-26 20:03:43
48,Product_48,199,15,2025-05-26 20:03:43
49,Product_49,967,27,2025-05-26 20:03:43
50,Product_50,696,5,2025-05-26 20:03:43
51,Product_51,967,41,2025-05-26 20:03:43
52,Product_52,572,25,2025-05-26 20:03:43
53,Product_53,885,30,2025-05-26 20:03:43
54,Product_54,576,40,2025-05-26 20:03:43
55,Product_55,253,27,2025-05-26 20:03:43
56,Product_56,841,5,2025-05-26 20:03:43
57,Product_57,514,44,2025-05-26 20:03:43
58,Product_58,140,19,2025-05-26 20:03:43
59,Product_59,494,25,2025-05-26 20:03:43
60,Product_60,828,13,2025-05-26 20:03:43
61,Product_61,656,13,2025-05-26 20:03:43
62,Product_62,30,14,2025-05-26 20:03:43
63,Product_63,850,30,2025-05-26 20:03:43
64,Product_64,176,45,2025-05-26 20:03:43
65,Product_65,283,39,2025-05-26 20:03:43
66,Product_66,397,29,2025-05-26 20:03:43
67,Product_67,610,30,2025-05-26 20:03:43
68,Product_68,325,15,2025-05-26 20:03:43
69,Product_69,23,42,2025-05-26 20:03:43
70,Product_70,251,6,2025-05-26 20:03:43
71,Product_71,786,11,2025-05-26 20:03:43
72,Product_72,355,22,2025-05-26 20:03:43
73,Product_73,574,31,2025-05-26 20:03:43
74,Product_74,907,38,2025-05-26 20:03:43
75,Product_75,349,31,2025-05-26 20:03:43
76,Product_76,101,21,2025-05-26 20:03:43
77,Product_77,376,47,2025-05-26 20:03:43
78,Product_78,965,48,2025-05-26 20:03:43
79,Product_79,464,28,2025-05-26 20:03:43
80,Product_80,437,29,2025-05-26 20:03:43
81,Product_81,518,11,2025-05-26 20:03:43
82,Product_82,785,10,2025-05-26 20:03:43
83,Product_83,952,28,2025-05-26 20:03:43
84,Product_84,44,37,2025-05-26 20:03:43
85,Product_85,215,33,2025-05-26 20:03:43
86,Product_86,90,47,2025-05-26 20:03:43
87,Product_87,941,26,2025-05-26 20:03:43
88,Product_88,571,30,2025-05-26 20:03:43
89,Product_89,881,32,2025-05-26 20:03:43
90,Product_90,397,25,2025-05-26 20:03:43
91,Product_91,11,11,2025-05-26 20:03:43
92,Product_92,399,21,2025-05-26 20:03:43
93,Product_93,575,24,2025-05-26 20:03:43
94,Product_94,115,45,2025-05-26 20:03:43
95,Product_95,781,24,2025-05-26 20:03:43
96,Product_96,831,26,2025-05-26 20:03:43
97,Product_97,486,32,2025-05-26 20:03:43
98,Product_98,712,44,2025-05-26 20:03:43
99,Product_99,411,11,2025-05-26 20:03:43
100,Product_100,739,5,2025-05-26 20:03:43
101,Product_101,565,36,2025-05-26 20:03:43
102,Product_102,171,17,2025-05-26 20:03:43
103,Product_103,211,34,2025-05-26 20:03:43
104,Product_104,967,27,2025-05-26 20:03:43
105,Product_105,279,23,2025-05-26 20:03:43
106,Product_106,872,36,2025-05-26 20:03:43
107,Product_107,825,34,2025-05-26 20:03:43
108,Product_108,280,33,2025-05-26 20:03:43
109,Product_109,465,49,2025-05-26 20:03:43
110,Product_110,471,33,2025-05-26 20:03:43
111,Product_111,736,34,2025-05-26 20:03:43
112,Product_112,261,20,2025-05-26 20:03:43
113,Product_113,711,44,2025-05-26 20:03:43
114,Product_114,305,23,2025-05-26 20:03:43
115,Product_115,734,22,2025-05-26 20:03:43
116,Product_116,729,5,2025-05-26 20:03:43
117,Product_117,758,18,2025-05-26 20:03:43
118,Product_118,347,6,2025-05-26 20:03:43
119,Product_119,888,32,2025-05-26 20:03:43
120,Product_120,62,34,2025-05-26 20:03:43
121,Product_121,801,42,2025-05-26 20:03:43
122,Product_122,931,8,2025-05-26 20:03:43
123,Product_123,226,5,2025-05-26 20:03:43
124,Product_124,773,12,2025-05-26 20:03:43
125,Product_125,197,33,2025-05-26 20:03:43
126,Product_126,389,43,2025-05-26 20:03:43
127,Product_127,502,7,2025-05-26 20:03:43
128,Product_128,50,36,2025-05-26 20:03:43
129,Product_129,166,14,2025-05-26 20:03:43
130,Product_130,24,14,2025-05-26 20:03:43
131,Product_131,822,23,2025-05-26 20:03:43
132,Product_132,74,38,2025-05-26 20:03:43
133,Product_133,866,37,2025-05-26 20:03:43
134,Product_134,848,27,2025-05-26 20:03:43
135,Product_135,530,32,2025-05-26 20:03:43
136,Product_136,353,36,2025-05-26 20:03:43
137,Product_137,138,11,2025-05-26 20:03:43
138,Product_138,657,33,2025-05-26 20:03:43
139,Product_139,481,12,2025-05-26 20:03:43
140,Product_140,72,5,2025-05-26 20:03:43
141,Product_141,148,7,2025-05-26 20:03:43
142,Product_142,508,28,2025-05-26 20:03:43
143,Product_143,602,27,2025-05-26 20:03:43
144,Product_144,401,12,2025-05-26 20:03:43
145,Product_145,684,41,2025-05-26 20:03:43
146,Product_146,428,7,2025-05-26 20:03:43
147,Product_147,298,37,2025-05-26 20:03:43
148,Product_148,388,32,2025-05-26 20:03:43
149,Product_149,782,12,2025-05-26 20:03:43
150,Product_150,499,38,2025-05-26 20:03:43
151,Product_151,240,39,2025-05-26 20:03:43
152,Product_152,50,36,2025-05-26 20:03:43
153,Product_153,37,28,2025-05-26 20:03:43
154,Product_154,144,18,2025-05-26 20:03:43
155,Product_155,210,36,2025-05-26 20:03:43
156,Product_156,849,47,2025-05-26 20:03:43
157,Product_157,789,20,2025-05-26 20:03:43
158,Product_158,939,8,2025-05-26 20:03:43
159,Product_159,42,41,2025-05-26 20:03:43
160,Product_160,57,25,2025-05-26 20:03:43
161,Product_161,512,18,2025-05-26 20:03:43
162,Product_162,416,35,2025-05-26 20:03:43
163,Product_163,583,22,2025-05-26 20:03:43
164,Product_164,737,11,2025-05-26 20:03:43
165,Product_165,814,14,2025-05-26 20:03:43
166,Product_166,108,11,2025-05-26 20:03:43
167,Product_167,693,37,2025-05-26 20:03:43
168,Product_168,881,27,2025-05-26 20:03:43
169,Product_169,735,25,2025-05-26 20:03:43
170,Product_170,996,23,2025-05-26 20:03:43
171,Product_171,556,23,2025-05-26 20:03:43
172,Product_172,970,40,2025-05-26 20:03:43
173,Product_173,748,33,2025-05-26 20:03:43
174,Product_174,622,22,2025-05-26 20:03:43
175,Product_175,952,6,2025-05-26 20:03:43
176,Product_176,471,5,2025-05-26 20:03:43
177,Product_177,652,9,2025-05-26 20:03:43
178,Product_178,778,24,2025-05-26 20:03:43
179,Product_179,14,15,2025-05-26 20:03:43
180,Product_180,227,46,2025-05-26 20:03:43
181,Product_181,512,6,2025-05-26 20:03:43
182,Product_182,776,7,2025-05-26 20:03:43
183,Product_183,407,27,2025-05-26 20:03:43
184,Product_184,880,16,2025-05-26 20:03:43
185,Product_185,804,24,2025-05-26 20:03:43
186,Product_186,402,9,2025-05-26 20:03:43
187,Product_187,216,41,2025-05-26 20:03:43
188,Product_188,24,42,2025-05-26 20:03:43
189,Product_189,867,34,2025-05-26 20:03:43
190,Product_190,563,13,2025-05-26 20:03:43
191,Product_191,901,38,2025-05-26 20:03:43
192,Product_192,470,48,2025-05-26 20:03:43
193,Product_193,700,39,2025-05-26 20:03:43
194,Product_194,584,26,2025-05-26 20:03:43
195,Product_195,873,48,2025-05-26 20:03:43
196,Product_196,752,28,2025-05-26 20:03:43
197,Product_197,250,21,2025-05-26 20:03:43
198,Product_198,573,14,2025-05-26 20:03:43
199,Product_199,105,34,2025-05-26 20:03:43
200,Product_200,909,27,2025-05-26 20:03:43
201,Product_201,743,36,2025-05-26 20:03:43
202,Product_202,494,21,2025-05-26 20:03:43
203,Product_203,416,21,2025-05-26 20:03:43
204,Product_204,240,18,2025-05-26 20:03:43
205,Product_205,758,13,2025-05-26 20:03:43
206,Product_206,664,44,2025-05-26 20:03:43
207,Product_207,180,6,2025-05-26 20:03:43
208,Product_208,550,49,2025-05-26 20:03:43
209,Product_209,45,29,2025-05-26 20:03:43
210,Product_210,534,43,2025-05-26 20:03:43
211,Product_211,169,13,2025-05-26 20:03:43
212,Product_212,848,26,2025-05-26 20:03:43
213,Product_213,708,47,2025-05-26 20:03:43
214,Product_214,252,8,2025-05-26 20:03:43
215,Product_215,95,30,2025-05-26 20:03:43
216,Product_216,805,33,2025-05-26 20:03:43
217,Product_217,587,49,2025-05-26 20:03:43
218,Product_218,691,38,2025-05-26 20:03:43
219,Product_219,566,27,2025-05-26 20:03:43
220,Product_220,583,41,2025-05-26 20:03:43
221,Product_221,962,15,2025-05-26 20:03:43
222,Product_222,655,10,2025-05-26 20:03:43
223,Product_223,805,22,2025-05-26 20:03:43
224,Product_224,37,25,2025-05-26 20:03:43
225,Product_225,629,46,2025-05-26 20:03:43
226,Product_226,565,40,2025-05-26 20:03:43
227,Product_227,349,45,2025-05-26 20:03:43
228,Product_228,807,42,2025-05-26 20:03:43
229,Product_229,967,38,2025-05-26 20:03:43
230,Product_230,340,21,2025-05-26 20:03:43
231,Product_231,649,41,2025-05-26 20:03:43
232,Product_232,515,29,2025-05-26 20:03:43
233,Product_233,357,42,2025-05-26 20:03:43
234,Product_234,482,16,2025-05-26 20:03:43
235,Product_235,240,27,2025-05-26 20:03:43
236,Product_236,199,46,2025-05-26 20:03:43
237,Product_237,234,26,2025-05-26 20:03:43
238,Product_238,394,25,2025-05-26 20:03:43
239,Product_239,386,31,2025-05-26 20:03:43
240,Product_240,292,35,2025-05-26 20:03:43
241,Product_241,967,10,2025-05-26 20:03:43
242,Product_242,642,31,2025-05-26 20:03:43
243,Product_243,637,44,2025-05-26 20:03:43
244,Product_244,982,38,2025-05-26 20:03:43
245,Product_245,754,16,2025-05-26 20:03:43
246,Product_246,268,49,2025-05-26 20:03:43
247,Product_247,368,11,2025-05-26 20:03:43
248,Product_248,719,14,2025-05-26 20:03:43
249,Product_249,465,49,2025-05-26 20:03:43
250,Product_250,420,21,2025-05-26 20:03:43
251,Product_251,658,30,2025-05-26 20:03:43
252,Product_252,327,25,2025-05-26 20:03:43
253,Product_253,686,32,2025-05-26 20:03:43
254,Product_254,234,6,2025-05-26 20:03:43
255,Product_255,828,47,2025-05-26 20:03:43
256,Product_256,243,5,2025-05-26 20:03:43
257,Product_257,693,40,2025-05-26 20:03:43
258,Product_258,673,30,2025-05-26 20:03:43
259,Product_259,984,33,2025-05-26 20:03:43
260,Product_260,836,25,2025-05-26 20:03:43
261,Product_261,383,15,2025-05-26 20:03:43
262,Product_262,681,44,2025-05-26 20:03:43
263,Product_263,617,15,2025-05-26 20:03:43
264,Product_264,481,40,2025-05-26 20:03:43
265,Product_265,242,43,2025-05-26 20:03:43
266,Product_266,701,44,2025-05-26 20:03:43
267,Product_267,122,39,2025-05-26 20:03:43
268,Product_268,839,38,2025-05-26 20:03:43
269,Product_269,506,28,2025-05-26 20:03:43
270,Product_270,451,26,2025-05-26 20:03:43
271,Product_271,573,9,2025-05-26 20:03:43
272,Product_272,277,37,2025-05-26 20:03:43
273,Product_273,519,40,2025-05-26 20:03:43
274,Product_274,816,24,2025-05-26 20:03:43
275,Product_275,395,23,2025-05-26 20:03:43
276,Product_276,396,39,2025-05-26 20:03:43
277,Product_277,122,47,2025-05-26 20:03:43
278,Product_278,622,21,2025-05-26 20:03:43
279,Product_279,634,49,2025-05-26 20:03:43
280,Product_280,961,47,2025-05-26 20:03:43
281,Product_281,90,38,2025-05-26 20:03:43
282,Product_282,708,13,2025-05-26 20:03:43
283,Product_283,122,30,2025-05-26 20:03:43
284,Product_284,11,6,2025-05-26 20:03:43
285,Product_285,651,13,2025-05-26 20:03:43
286,Product_286,229,13,2025-05-26 20:03:43
287,Product_287,575,44,2025-05-26 20:03:43
288,Product_288,864,21,2025-05-26 20:03:43
289,Product_289,745,5,2025-05-26 20:03:43
290,Product_290,234,29,2025-05-26 20:03:43
291,Product_291,394,47,2025-05-26 20:03:43
292,Product_292,412,44,2025-05-26 20:03:43
293,Product_293,647,46,2025-05-26 20:03:43
294,Product_294,139,29,2025-05-26 20:03:43
295,Product_295,62,43,2025-05-26 20:03:43
296,Product_296,693,39,2025-05-26 20:03:43
297,Product_297,739,7,2025-05-26 20:03:43
298,Product_298,681,41,2025-05-26 20:03:43
299,Product_299,719,48,2025-05-26 20:03:43
300,Product_300,425,48,2025-05-26 20:03:43
301,Product_301,256,34,2025-05-26 20:03:43
302,Product_302,845,42,2025-05-26 20:03:43
303,Product_303,448,38,2025-05-26 20:03:43
304,Product_304,212,16,2025-05-26 20:03:43
305,Product_305,193,23,2025-05-26 20:03:43
306,Product_306,132,41,2025-05-26 20:03:43
307,Product_307,410,48,2025-05-26 20:03:43
308,Product_308,776,21,2025-05-26 20:03:43
309,Product_309,303,14,2025-05-26 20:03:43
310,Product_310,289,16,2025-05-26 20:03:43
311,Product_311,846,20,2025-05-26 20:03:43
312,Product_312,893,28,2025-05-26 20:03:43
313,Product_313,619,23,2025-05-26 20:03:43
314,Product_314,207,12,2025-05-26 20:03:43
315,Product_315,991,35,2025-05-26 20:03:43
316,Product_316,916,25,2025-05-26 20:03:43
317,Product_317,520,21,2025-05-26 20:03:43
318,Product_318,761,27,2025-05-26 20:03:43
319,Product_319,153,41,2025-05-26 20:03:43
320,Product_320,618,20,2025-05-26 20:03:43
321,Product_321,210,10,2025-05-26 20:03:43
322,Product_322,133,12,2025-05-26 20:03:43
323,Product_323,196,29,2025-05-26 20:03:43
324,Product_324,335,22,2025-05-26 20:03:43
325,Product_325,473,29,2025-05-26 20:03:43
326,Product_326,358,16,2025-05-26 20:03:43
327,Product_327,780,19,2025-05-26 20:03:43
328,Product_328,669,30,2025-05-26 20:03:43
329,Product_329,773,45,2025-05-26 20:03:43
330,Product_330,964,49,2025-05-26 20:03:43
331,Product_331,941,30,2025-05-26 20:03:43
332,Product_332,412,36,2025-05-26 20:03:43
333,Product_333,355,14,2025-05-26 20:03:43
334,Product_334,972,20,2025-05-26 20:03:43
335,Product_335,520,11,2025-05-26 20:03:43
336,Product_336,156,21,2025-05-26 20:03:43
337,Product_337,157,27,2025-05-26 20:03:43
338,Product_338,873,30,2025-05-26 20:03:43
339,Product_339,720,25,2025-05-26 20:03:43
340,Product_340,829,26,2025-05-26 20:03:43
341,Product_341,498,11,2025-05-26 20:03:43
342,Product_342,938,18,2025-05-26 20:03:43
343,Product_343,945,19,2025-05-26 20:03:43
344,Product_344,649,11,2025-05-26 20:03:43
345,Product_345,560,13,2025-05-26 20:03:43
346,Product_346,347,12,2025-05-26 20:03:43
347,Product_347,881,27,2025-05-26 20:03:43
348,Product_348,650,33,2025-05-26 20:03:43
349,Product_349,788,22,2025-05-26 20:03:43
350,Product_350,997,35,2025-05-26 20:03:43
351,Product_351,962,34,2025-05-26 20:03:43
352,Product_352,482,43,2025-05-26 20:03:43
353,Product_353,955,39,2025-05-26 20:03:43
354,Product_354,160,22,2025-05-26 20:03:43
355,Product_355,424,46,2025-05-26 20:03:43
356,Product_356,999,43,2025-05-26 20:03:43
357,Product_357,307,21,2025-05-26 20:03:43
358,Product_358,620,18,2025-05-26 20:03:43
359,Product_359,272,35,2025-05-26 20:03:43
360,Product_360,773,28,2025-05-26 20:03:43
361,Product_361,153,39,2025-05-26 20:03:43
362,Product_362,355,48,2025-05-26 20:03:43
363,Product_363,633,49,2025-05-26 20:03:43
364,Product_364,581,38,2025-05-26 20:03:43
365,Product_365,890,7,2025-05-26 20:03:43
366,Product_366,11,41,2025-05-26 20:03:43
367,Product_367,906,47,2025-05-26 20:03:43
368,Product_368,313,44,2025-05-26 20:03:43
369,Product_369,263,30,2025-05-26 20:03:43
370,Product_370,661,27,2025-05-26 20:03:43
371,Product_371,462,48,2025-05-26 20:03:43
372,Product_372,46,43,2025-05-26 20:03:43
373,Product_373,169,19,2025-05-26 20:03:43
374,Product_374,18,8,2025-05-26 20:03:43
375,Product_375,242,33,2025-05-26 20:03:43
376,Product_376,108,26,2025-05-26 20:03:43
377,Product_377,668,29,2025-05-26 20:03:43
378,Product_378,825,17,2025-05-26 20:03:43
379,Product_379,217,22,2025-05-26 20:03:43
380,Product_380,140,37,2025-05-26 20:03:43
381,Product_381,413,20,2025-05-26 20:03:43
382,Product_382,161,49,2025-05-26 20:03:43
383,Product_383,63,46,2025-05-26 20:03:43
384,Product_384,129,48,2025-05-26 20:03:43
385,Product_385,682,6,2025-05-26 20:03:43
386,Product_386,929,39,2025-05-26 20:03:43
387,Product_387,637,46,2025-05-26 20:03:43
388,Product_388,596,38,2025-05-26 20:03:43
389,Product_389,634,34,2025-05-26 20:03:43
390,Product_390,977,17,2025-05-26 20:03:43
391,Product_391,429,17,2025-05-26 20:03:43
392,Product_392,431,22,2025-05-26 20:03:43
393,Product_393,113,36,2025-05-26 20:03:43
394,Product_394,861,36,2025-05-26 20:03:43
395,Product_395,263,39,2025-05-26 20:03:43
396,Product_396,236,43,2025-05-26 20:03:43
397,Product_397,121,33,2025-05-26 20:03:43
398,Product_398,519,33,2025-05-26 20:03:43
399,Product_399,482,48,2025-05-26 20:03:43
400,Product_400,108,20,2025-05-26 20:03:43
401,Product_401,162,48,2025-05-26 20:03:43
402,Product_402,870,14,2025-05-26 20:03:43
403,Product_403,923,34,2025-05-26 20:03:43
404,Product_404,905,29,2025-05-26 20:03:43
405,Product_405,887,43,2025-05-26 20:03:43
406,Product_406,347,24,2025-05-26 20:03:43
407,Product_407,715,9,2025-05-26 20:03:43
408,Product_408,831,5,2025-05-26 20:03:43
409,Product_409,172,34,2025-05-26 20:03:43
410,Product_410,729,7,2025-05-26 20:03:43
411,Product_411,966,49,2025-05-26 20:03:43
412,Product_412,690,18,2025-05-26 20:03:43
413,Product_413,170,34,2025-05-26 20:03:43
414,Product_414,589,8,2025-05-26 20:03:43
415,Product_415,810,22,2025-05-26 20:03:43
416,Product_416,407,41,2025-05-26 20:03:43
417,Product_417,286,29,2025-05-26 20:03:43
418,Product_418,825,5,2025-05-26 20:03:43
419,Product_419,925,19,2025-05-26 20:03:43
420,Product_420,513,13,2025-05-26 20:03:43
421,Product_421,905,19,2025-05-26 20:03:43
422,Product_422,401,28,2025-05-26 20:03:43
423,Product_423,144,8,2025-05-26 20:03:43
424,Product_424,204,16,2025-05-26 20:03:43
425,Product_425,410,41,2025-05-26 20:03:43
426,Product_426,649,41,2025-05-26 20:03:43
427,Product_427,42,47,2025-05-26 20:03:43
428,Product_428,697,10,2025-05-26 20:03:43
429,Product_429,469,43,2025-05-26 20:03:43
430,Product_430,964,28,2025-05-26 20:03:43
431,Product_431,892,15,2025-05-26 20:03:43
432,Product_432,479,17,2025-05-26 20:03:43
433,Product_433,384,38,2025-05-26 20:03:43
434,Product_434,31,29,2025-05-26 20:03:43
435,Product_435,759,11,2025-05-26 20:03:43
436,Product_436,679,8,2025-05-26 20:03:43
437,Product_437,47,12,2025-05-26 20:03:43
438,Product_438,239,24,2025-05-26 20:03:43
439,Product_439,374,33,2025-05-26 20:03:43
440,Product_440,572,49,2025-05-26 20:03:43
441,Product_441,447,14,2025-05-26 20:03:43
442,Product_442,785,47,2025-05-26 20:03:43
443,Product_443,292,38,2025-05-26 20:03:43
444,Product_444,36,30,2025-05-26 20:03:43
445,Product_445,235,45,2025-05-26 20:03:43
446,Product_446,286,7,2025-05-26 20:03:43
447,Product_447,807,10,2025-05-26 20:03:43
448,Product_448,618,9,2025-05-26 20:03:43
449,Product_449,293,9,2025-05-26 20:03:43
450,Product_450,888,27,2025-05-26 20:03:43
451,Product_451,969,13,2025-05-26 20:03:43
452,Product_452,490,39,2025-05-26 20:03:43
453,Product_453,462,24,2025-05-26 20:03:43
454,Product_454,838,46,2025-05-26 20:03:43
455,Product_455,825,39,2025-05-26 20:03:43
456,Product_456,668,22,2025-05-26 20:03:43
457,Product_457,525,21,2025-05-26 20:03:43
458,Product_458,556,28,2025-05-26 20:03:43
459,Product_459,201,7,2025-05-26 20:03:43
460,Product_460,58,36,2025-05-26 20:03:43
461,Product_461,521,39,2025-05-26 20:03:43
462,Product_462,26,42,2025-05-26 20:03:43
463,Product_463,181,17,2025-05-26 20:03:43
464,Product_464,229,29,2025-05-26 20:03:43
465,Product_465,167,13,2025-05-26 20:03:43
466,Product_466,486,8,2025-05-26 20:03:43
467,Product_467,55,18,2025-05-26 20:03:43
468,Product_468,382,41,2025-05-26 20:03:43
469,Product_469,527,38,2025-05-26 20:03:43
470,Product_470,108,15,2025-05-26 20:03:43
471,Product_471,901,45,2025-05-26 20:03:43
472,Product_472,754,7,2025-05-26 20:03:43
473,Product_473,46,32,2025-05-26 20:03:43
474,Product_474,289,33,2025-05-26 20:03:43
475,Product_475,358,13,2025-05-26 20:03:43
476,Product_476,506,7,2025-05-26 20:03:43
477,Product_477,311,29,2025-05-26 20:03:43
478,Product_478,190,38,2025-05-26 20:03:43
479,Product_479,616,16,2025-05-26 20:03:43
480,Product_480,108,46,2025-05-26 20:03:43
481,Product_481,709,13,2025-05-26 20:03:43
482,Product_482,125,19,2025-05-26 20:03:43
483,Product_483,200,44,2025-05-26 20:03:43
484,Product_484,262,29,2025-05-26 20:03:43
485,Product_485,990,9,2025-05-26 20:03:43
486,Product_486,937,15,2025-05-26 20:03:43
487,Product_487,992,38,2025-05-26 20:03:43
488,Product_488,170,28,2025-05-26 20:03:43
489,Product_489,265,19,2025-05-26 20:03:43
490,Product_490,332,42,2025-05-26 20:03:43
491,Product_491,137,12,2025-05-26 20:03:43
492,Product_492,27,9,2025-05-26 20:03:43
493,Product_493,802,30,2025-05-26 20:03:43
494,Product_494,744,22,2025-05-26 20:03:43
495,Product_495,575,10,2025-05-26 20:03:43
496,Product_496,579,41,2025-05-26 20:03:43
497,Product_497,332,17,2025-05-26 20:03:43
498,Product_498,881,32,2025-05-26 20:03:43
499,Product_499,695,9,2025-05-26 20:03:43
500,Product_500,801,17,2025-05-26 20:03:43
501,Product_501,635,21,2025-05-26 20:03:43
502,Product_502,297,44,2025-05-26 20:03:43
503,Product_503,952,49,2025-05-26 20:03:43
504,Product_504,863,36,2025-05-26 20:03:43
505,Product_505,672,33,2025-05-26 20:03:43
506,Product_506,971,7,2025-05-26 20:03:43
507,Product_507,648,44,2025-05-26 20:03:43
508,Product_508,164,38,2025-05-26 20:03:43
509,Product_509,499,44,2025-05-26 20:03:43
510,Product_510,395,31,2025-05-26 20:03:43
511,Product_511,995,17,2025-05-26 20:03:43
512,Product_512,794,49,2025-05-26 20:03:43
513,Product_513,113,37,2025-05-26 20:03:43
514,Product_514,938,10,2025-05-26 20:03:43
515,Product_515,402,28,2025-05-26 20:03:43
516,Product_516,820,23,2025-05-26 20:03:43
517,Product_517,255,20,2025-05-26 20:03:43
518,Product_518,185,44,2025-05-26 20:03:43
519,Product_519,48,32,2025-05-26 20:03:43
520,Product_520,486,37,2025-05-26 20:03:43
521,Product_521,691,45,2025-05-26 20:03:43
522,Product_522,768,17,2025-05-26 20:03:43
523,Product_523,547,47,2025-05-26 20:03:43
524,Product_524,876,49,2025-05-26 20:03:43
525,Product_525,827,29,2025-05-26 20:03:43
526,Product_526,930,46,2025-05-26 20:03:43
527,Product_527,417,40,2025-05-26 20:03:43
528,Product_528,534,31,2025-05-26 20:03:43
529,Product_529,837,42,2025-05-26 20:03:43
530,Product_530,515,11,2025-05-26 20:03:43
531,Product_531,912,9,2025-05-26 20:03:43
532,Product_532,834,47,2025-05-26 20:03:43
533,Product_533,45,49,2025-05-26 20:03:43
534,Product_534,694,35,2025-05-26 20:03:43
535,Product_535,29,27,2025-05-26 20:03:43
536,Product_536,330,46,2025-05-26 20:03:43
537,Product_537,785,14,2025-05-26 20:03:43
538,Product_538,521,36,2025-05-26 20:03:43
539,Product_539,409,47,2025-05-26 20:03:43
540,Product_540,663,34,2025-05-26 20:03:43
541,Product_541,981,43,2025-05-26 20:03:43
542,Product_542,892,35,2025-05-26 20:03:43
543,Product_543,480,22,2025-05-26 20:03:43
544,Product_544,152,40,2025-05-26 20:03:43
545,Product_545,101,6,2025-05-26 20:03:43
546,Product_546,363,18,2025-05-26 20:03:43
547,Product_547,843,17,2025-05-26 20:03:43
548,Product_548,809,33,2025-05-26 20:03:43
549,Product_549,736,16,2025-05-26 20:03:43
550,Product_550,968,43,2025-05-26 20:03:43
551,Product_551,863,6,2025-05-26 20:03:43
552,Product_552,60,36,2025-05-26 20:03:43
553,Product_553,674,17,2025-05-26 20:03:43
554,Product_554,707,31,2025-05-26 20:03:43
555,Product_555,584,45,2025-05-26 20:03:43
556,Product_556,199,21,2025-05-26 20:03:43
557,Product_557,134,44,2025-05-26 20:03:43
558,Product_558,159,35,2025-05-26 20:03:43
559,Product_559,323,38,2025-05-26 20:03:43
560,Product_560,579,28,2025-05-26 20:03:43
561,Product_561,351,49,2025-05-26 20:03:43
562,Product_562,314,39,2025-05-26 20:03:43
563,Product_563,701,10,2025-05-26 20:03:43
564,Product_564,691,23,2025-05-26 20:03:43
565,Product_565,847,34,2025-05-26 20:03:43
566,Product_566,792,11,2025-05-26 20:03:43
567,Product_567,63,14,2025-05-26 20:03:43
568,Product_568,453,45,2025-05-26 20:03:43
569,Product_569,622,36,2025-05-26 20:03:43
570,Product_570,273,38,2025-05-26 20:03:43
571,Product_571,62,32,2025-05-26 20:03:43
572,Product_572,581,19,2025-05-26 20:03:43
573,Product_573,629,34,2025-05-26 20:03:43
574,Product_574,14,41,2025-05-26 20:03:43
575,Product_575,112,33,2025-05-26 20:03:43
576,Product_576,205,26,2025-05-26 20:03:43
577,Product_577,783,8,2025-05-26 20:03:43
578,Product_578,886,24,2025-05-26 20:03:43
579,Product_579,893,36,2025-05-26 20:03:43
580,Product_580,359,40,2025-05-26 20:03:43
581,Product_581,56,8,2025-05-26 20:03:43
582,Product_582,876,31,2025-05-26 20:03:43
583,Product_583,832,21,2025-05-26 20:03:43
584,Product_584,945,16,2025-05-26 20:03:43
585,Product_585,829,26,2025-05-26 20:03:43
586,Product_586,665,21,2025-05-26 20:03:43
587,Product_587,278,14,2025-05-26 20:03:43
588,Product_588,379,5,2025-05-26 20:03:43
589,Product_589,645,26,2025-05-26 20:03:43
590,Product_590,115,30,2025-05-26 20:03:43
591,Product_591,679,22,2025-05-26 20:03:43
592,Product_592,668,18,2025-05-26 20:03:43
593,Product_593,666,33,2025-05-26 20:03:43
594,Product_594,129,16,2025-05-26 20:03:43
595,Product_595,840,40,2025-05-26 20:03:43
596,Product_596,796,39,2025-05-26 20:03:43
597,Product_597,613,16,2025-05-26 20:03:43
598,Product_598,67,11,2025-05-26 20:03:43
599,Product_599,960,33,2025-05-26 20:03:43
600,Product_600,355,15,2025-05-26 20:03:43
601,Product_601,750,37,2025-05-26 20:03:43
602,Product_602,483,10,2025-05-26 20:03:43
603,Product_603,126,19,2025-05-26 20:03:43
604,Product_604,839,36,2025-05-26 20:03:43
605,Product_605,800,15,2025-05-26 20:03:43
606,Product_606,136,27,2025-05-26 20:03:43
607,Product_607,402,30,2025-05-26 20:03:43
608,Product_608,917,38,2025-05-26 20:03:43
609,Product_609,650,38,2025-05-26 20:03:43
610,Product_610,67,33,2025-05-26 20:03:43
611,Product_611,643,8,2025-05-26 20:03:43
612,Product_612,522,21,2025-05-26 20:03:43
613,Product_613,760,39,2025-05-26 20:03:43
614,Product_614,811,17,2025-05-26 20:03:43
615,Product_615,105,45,2025-05-26 20:03:43
616,Product_616,647,43,2025-05-26 20:03:43
617,Product_617,127,19,2025-05-26 20:03:43
618,Product_618,569,33,2025-05-26 20:03:43
619,Product_619,610,33,2025-05-26 20:03:43
620,Product_620,497,15,2025-05-26 20:03:43
621,Product_621,246,36,2025-05-26 20:03:43
622,Product_622,894,6,2025-05-26 20:03:43
623,Product_623,906,18,2025-05-26 20:03:43
624,Product_624,281,24,2025-05-26 20:03:43
625,Product_625,198,26,2025-05-26 20:03:43
626,Product_626,713,15,2025-05-26 20:03:43
627,Product_627,456,31,2025-05-26 20:03:43
628,Product_628,590,7,2025-05-26 20:03:43
629,Product_629,799,21,2025-05-26 20:03:43
630,Product_630,870,48,2025-05-26 20:03:43
631,Product_631,256,32,2025-05-26 20:03:43
632,Product_632,972,33,2025-05-26 20:03:43
633,Product_633,85,25,2025-05-26 20:03:43
634,Product_634,163,20,2025-05-26 20:03:43
635,Product_635,665,41,2025-05-26 20:03:43
636,Product_636,444,24,2025-05-26 20:03:43
637,Product_637,95,10,2025-05-26 20:03:43
638,Product_638,706,23,2025-05-26 20:03:43
639,Product_639,294,9,2025-05-26 20:03:43
640,Product_640,983,7,2025-05-26 20:03:43
641,Product_641,229,5,2025-05-26 20:03:43
642,Product_642,78,42,2025-05-26 20:03:43
643,Product_643,56,19,2025-05-26 20:03:43
644,Product_644,103,38,2025-05-26 20:03:43
645,Product_645,759,39,2025-05-26 20:03:43
646,Product_646,967,29,2025-05-26 20:03:43
647,Product_647,462,28,2025-05-26 20:03:43
648,Product_648,213,16,2025-05-26 20:03:43
649,Product_649,921,22,2025-05-26 20:03:43
650,Product_650,227,19,2025-05-26 20:03:43
651,Product_651,483,48,2025-05-26 20:03:43
652,Product_652,441,20,2025-05-26 20:03:43
653,Product_653,350,31,2025-05-26 20:03:43
654,Product_654,560,12,2025-05-26 20:03:43
655,Product_655,621,29,2025-05-26 20:03:43
656,Product_656,298,21,2025-05-26 20:03:43
657,Product_657,263,33,2025-05-26 20:03:43
658,Product_658,743,12,2025-05-26 20:03:43
659,Product_659,366,19,2025-05-26 20:03:43
660,Product_660,32,31,2025-05-26 20:03:43
661,Product_661,771,11,2025-05-26 20:03:43
662,Product_662,531,7,2025-05-26 20:03:43
663,Product_663,767,33,2025-05-26 20:03:43
664,Product_664,846,48,2025-05-26 20:03:43
665,Product_665,109,28,2025-05-26 20:03:43
666,Product_666,811,7,2025-05-26 20:03:43
667,Product_667,189,24,2025-05-26 20:03:43
668,Product_668,232,19,2025-05-26 20:03:43
669,Product_669,915,29,2025-05-26 20:03:43
670,Product_670,771,34,2025-05-26 20:03:43
671,Product_671,668,18,2025-05-26 20:03:43
672,Product_672,451,11,2025-05-26 20:03:43
673,Product_673,617,21,2025-05-26 20:03:43
674,Product_674,778,48,2025-05-26 20:03:43
675,Product_675,334,24,2025-05-26 20:03:43
676,Product_676,525,40,2025-05-26 20:03:43
677,Product_677,25,13,2025-05-26 20:03:43
678,Product_678,801,42,2025-05-26 20:03:43
679,Product_679,345,26,2025-05-26 20:03:43
680,Product_680,768,6,2025-05-26 20:03:43
681,Product_681,267,28,2025-05-26 20:03:43
682,Product_682,506,12,2025-05-26 20:03:43
683,Product_683,997,15,2025-05-26 20:03:43
684,Product_684,905,17,2025-05-26 20:03:43
685,Product_685,169,21,2025-05-26 20:03:43
686,Product_686,484,12,2025-05-26 20:03:43
687,Product_687,861,25,2025-05-26 20:03:43
688,Product_688,673,22,2025-05-26 20:03:43
689,Product_689,917,34,2025-05-26 20:03:43
690,Product_690,699,22,2025-05-26 20:03:43
691,Product_691,684,35,2025-05-26 20:03:43
692,Product_692,389,42,2025-05-26 20:03:43
693,Product_693,554,36,2025-05-26 20:03:43
694,Product_694,938,15,2025-05-26 20:03:43
695,Product_695,966,49,2025-05-26 20:03:43
696,Product_696,700,29,2025-05-26 20:03:43
697,Product_697,436,37,2025-05-26 20:03:43
698,Product_698,622,42,2025-05-26 20:03:43
699,Product_699,277,45,2025-05-26 20:03:43
700,Product_700,844,12,2025-05-26 20:03:43
701,Product_701,586,15,2025-05-26 20:03:43
702,Product_702,426,26,2025-05-26 20:03:43
703,Product_703,177,28,2025-05-26 20:03:43
704,Product_704,851,45,2025-05-26 20:03:43
705,Product_705,52,21,2025-05-26 20:03:43
706,Product_706,565,16,2025-05-26 20:03:43
707,Product_707,294,36,2025-05-26 20:03:43
708,Product_708,406,19,2025-05-26 20:03:43
709,Product_709,21,20,2025-05-26 20:03:43
710,Product_710,616,26,2025-05-26 20:03:43
711,Product_711,311,32,2025-05-26 20:03:43
712,Product_712,907,24,2025-05-26 20:03:43
713,Product_713,262,37,2025-05-26 20:03:43
714,Product_714,508,14,2025-05-26 20:03:43
715,Product_715,763,44,2025-05-26 20:03:43
716,Product_716,44,36,2025-05-26 20:03:43
717,Product_717,736,37,2025-05-26 20:03:43
718,Product_718,858,6,2025-05-26 20:03:43
719,Product_719,99,37,2025-05-26 20:03:43
720,Product_720,785,37,2025-05-26 20:03:43
721,Product_721,614,45,2025-05-26 20:03:43
722,Product_722,931,17,2025-05-26 20:03:43
723,Product_723,979,34,2025-05-26 20:03:43
724,Product_724,611,37,2025-05-26 20:03:43
725,Product_725,427,17,2025-05-26 20:03:43
726,Product_726,124,30,2025-05-26 20:03:43
727,Product_727,626,26,2025-05-26 20:03:43
728,Product_728,912,43,2025-05-26 20:03:43
729,Product_729,205,6,2025-05-26 20:03:43
730,Product_730,835,42,2025-05-26 20:03:43
731,Product_731,510,43,2025-05-26 20:03:43
732,Product_732,635,30,2025-05-26 20:03:43
733,Product_733,502,19,2025-05-26 20:03:43
734,Product_734,84,38,2025-05-26 20:03:43
735,Product_735,422,46,2025-05-26 20:03:43
736,Product_736,385,48,2025-05-26 20:03:43
737,Product_737,429,44,2025-05-26 20:03:43
738,Product_738,738,15,2025-05-26 20:03:43
739,Product_739,286,7,2025-05-26 20:03:43
740,Product_740,770,10,2025-05-26 20:03:43
741,Product_741,685,13,2025-05-26 20:03:43
742,Product_742,403,10,2025-05-26 20:03:43
743,Product_743,878,13,2025-05-26 20:03:43
744,Product_744,466,43,2025-05-26 20:03:43
745,Product_745,929,35,2025-05-26 20:03:43
746,Product_746,201,36,2025-05-26 20:03:43
747,Product_747,748,45,2025-05-26 20:03:43
748,Product_748,698,16,2025-05-26 20:03:43
749,Product_749,108,12,2025-05-26 20:03:43
750,Product_750,557,12,2025-05-26 20:03:43
751,Product_751,987,32,2025-05-26 20:03:43
752,Product_752,105,24,2025-05-26 20:03:43
753,Product_753,673,11,2025-05-26 20:03:43
754,Product_754,672,15,2025-05-26 20:03:43
755,Product_755,199,24,2025-05-26 20:03:43
756,Product_756,745,20,2025-05-26 20:03:43
757,Product_757,46,8,2025-05-26 20:03:43
758,Product_758,789,10,2025-05-26 20:03:43
759,Product_759,378,26,2025-05-26 20:03:43
760,Product_760,704,30,2025-05-26 20:03:43
761,Product_761,534,7,2025-05-26 20:03:43
762,Product_762,288,45,2025-05-26 20:03:43
763,Product_763,226,46,2025-05-26 20:03:43
764,Product_764,876,18,2025-05-26 20:03:43
765,Product_765,882,15,2025-05-26 20:03:43
766,Product_766,807,22,2025-05-26 20:03:43
767,Product_767,282,16,2025-05-26 20:03:43
768,Product_768,890,27,2025-05-26 20:03:43
769,Product_769,71,16,2025-05-26 20:03:43
770,Product_770,605,17,2025-05-26 20:03:43
771,Product_771,889,29,2025-05-26 20:03:43
772,Product_772,738,49,2025-05-26 20:03:43
773,Product_773,351,23,2025-05-26 20:03:43
774,Product_774,406,40,2025-05-26 20:03:43
775,Product_775,708,49,2025-05-26 20:03:43
776,Product_776,28,12,2025-05-26 20:03:43
777,Product_777,186,33,2025-05-26 20:03:43
778,Product_778,621,36,2025-05-26 20:03:43
779,Product_779,405,48,2025-05-26 20:03:43
780,Product_780,454,22,2025-05-26 20:03:43
781,Product_781,242,10,2025-05-26 20:03:43
782,Product_782,924,22,2025-05-26 20:03:43
783,Product_783,85,23,2025-05-26 20:03:43
784,Product_784,274,26,2025-05-26 20:03:43
785,Product_785,464,41,2025-05-26 20:03:43
786,Product_786,805,36,2025-05-26 20:03:43
787,Product_787,727,45,2025-05-26 20:03:43
788,Product_788,744,7,2025-05-26 20:03:43
789,Product_789,393,32,2025-05-26 20:03:43
790,Product_790,573,14,2025-05-26 20:03:43
791,Product_791,860,39,2025-05-26 20:03:43
792,Product_792,515,33,2025-05-26 20:03:43
793,Product_793,376,19,2025-05-26 20:03:43
794,Product_794,153,37,2025-05-26 20:03:43
795,Product_795,894,11,2025-05-26 20:03:43
796,Product_796,78,16,2025-05-26 20:03:43
797,Product_797,108,34,2025-05-26 20:03:43
798,Product_798,405,25,2025-05-26 20:03:43
799,Product_799,34,35,2025-05-26 20:03:43
800,Product_800,957,28,2025-05-26 20:03:43
801,Product_801,900,24,2025-05-26 20:03:43
802,Product_802,478,41,2025-05-26 20:03:43
803,Product_803,493,8,2025-05-26 20:03:43
804,Product_804,574,32,2025-05-26 20:03:43
805,Product_805,160,48,2025-05-26 20:03:43
806,Product_806,153,24,2025-05-26 20:03:43
807,Product_807,578,28,2025-05-26 20:03:43
808,Product_808,48,36,2025-05-26 20:03:43
809,Product_809,118,45,2025-05-26 20:03:43
810,Product_810,702,40,2025-05-26 20:03:43
811,Product_811,51,38,2025-05-26 20:03:43
812,Product_812,195,40,2025-05-26 20:03:43
813,Product_813,944,6,2025-05-26 20:03:43
814,Product_814,407,19,2025-05-26 20:03:43
815,Product_815,232,38,2025-05-26 20:03:43
816,Product_816,643,40,2025-05-26 20:03:43
817,Product_817,142,10,2025-05-26 20:03:43
818,Product_818,172,43,2025-05-26 20:03:43
819,Product_819,224,46,2025-05-26 20:03:43
820,Product_820,742,16,2025-05-26 20:03:43
821,Product_821,244,7,2025-05-26 20:03:43
822,Product_822,852,49,2025-05-26 20:03:43
823,Product_823,667,22,2025-05-26 20:03:43
824,Product_824,760,44,2025-05-26 20:03:43
825,Product_825,597,25,2025-05-26 20:03:43
826,Product_826,18,19,2025-05-26 20:03:43
827,Product_827,83,37,2025-05-26 20:03:43
828,Product_828,963,39,2025-05-26 20:03:43
829,Product_829,501,30,2025-05-26 20:03:43
830,Product_830,922,12,2025-05-26 20:03:43
831,Product_831,262,40,2025-05-26 20:03:43
832,Product_832,239,34,2025-05-26 20:03:43
833,Product_833,528,27,2025-05-26 20:03:43
834,Product_834,183,46,2025-05-26 20:03:43
835,Product_835,662,48,2025-05-26 20:03:43
836,Product_836,177,18,2025-05-26 20:03:43
837,Product_837,179,18,2025-05-26 20:03:43
838,Product_838,402,6,2025-05-26 20:03:43
839,Product_839,955,41,2025-05-26 20:03:43
840,Product_840,804,9,2025-05-26 20:03:43
841,Product_841,643,42,2025-05-26 20:03:43
842,Product_842,203,49,2025-05-26 20:03:43
843,Product_843,526,45,2025-05-26 20:03:43
844,Product_844,38,18,2025-05-26 20:03:43
845,Product_845,174,43,2025-05-26 20:03:43
846,Product_846,431,29,2025-05-26 20:03:43
847,Product_847,348,24,2025-05-26 20:03:43
848,Product_848,657,6,2025-05-26 20:03:43
849,Product_849,505,43,2025-05-26 20:03:43
850,Product_850,374,10,2025-05-26 20:03:43
851,Product_851,842,21,2025-05-26 20:03:43
852,Product_852,351,29,2025-05-26 20:03:43
853,Product_853,509,32,2025-05-26 20:03:43
854,Product_854,666,6,2025-05-26 20:03:43
855,Product_855,520,39,2025-05-26 20:03:43
856,Product_856,336,41,2025-05-26 20:03:43
857,Product_857,226,9,2025-05-26 20:03:43
858,Product_858,310,5,2025-05-26 20:03:43
859,Product_859,141,44,2025-05-26 20:03:43
860,Product_860,813,16,2025-05-26 20:03:43
861,Product_861,79,40,2025-05-26 20:03:43
862,Product_862,261,49,2025-05-26 20:03:43
863,Product_863,424,27,2025-05-26 20:03:43
864,Product_864,796,35,2025-05-26 20:03:43
865,Product_865,454,15,2025-05-26 20:03:43
866,Product_866,885,14,2025-05-26 20:03:43
867,Product_867,191,7,2025-05-26 20:03:43
868,Product_868,176,18,2025-05-26 20:03:43
869,Product_869,100,20,2025-05-26 20:03:43
870,Product_870,723,14,2025-05-26 20:03:43
871,Product_871,867,33,2025-05-26 20:03:43
872,Product_872,540,14,2025-05-26 20:03:43
873,Product_873,48,16,2025-05-26 20:03:43
874,Product_874,135,34,2025-05-26 20:03:43
875,Product_875,460,45,2025-05-26 20:03:43
876,Product_876,182,5,2025-05-26 20:03:43
877,Product_877,662,9,2025-05-26 20:03:43
878,Product_878,763,24,2025-05-26 20:03:43
879,Product_879,229,12,2025-05-26 20:03:43
880,Product_880,647,47,2025-05-26 20:03:43
881,Product_881,67,16,2025-05-26 20:03:43
882,Product_882,669,5,2025-05-26 20:03:43
883,Product_883,485,24,2025-05-26 20:03:43
884,Product_884,465,32,2025-05-26 20:03:43
885,Product_885,838,47,2025-05-26 20:03:43
886,Product_886,904,41,2025-05-26 20:03:43
887,Product_887,370,41,2025-05-26 20:03:43
888,Product_888,944,16,2025-05-26 20:03:43
889,Product_889,10,41,2025-05-26 20:03:43
890,Product_890,396,48,2025-05-26 20:03:43
891,Product_891,982,32,2025-05-26 20:03:43
892,Product_892,357,19,2025-05-26 20:03:43
893,Product_893,199,10,2025-05-26 20:03:43
894,Product_894,514,48,2025-05-26 20:03:43
895,Product_895,200,24,2025-05-26 20:03:43
896,Product_896,517,18,2025-05-26 20:03:43
897,Product_897,378,6,2025-05-26 20:03:43
898,Product_898,418,13,2025-05-26 20:03:43
899,Product_899,833,41,2025-05-26 20:03:43
900,Product_900,938,24,2025-05-26 20:03:43
901,Product_901,943,30,2025-05-26 20:03:43
902,Product_902,126,33,2025-05-26 20:03:43
903,Product_903,143,5,2025-05-26 20:03:43
904,Product_904,67,39,2025-05-26 20:03:43
905,Product_905,565,10,2025-05-26 20:03:43
906,Product_906,694,41,2025-05-26 20:03:43
907,Product_907,681,9,2025-05-26 20:03:43
908,Product_908,182,37,2025-05-26 20:03:43
909,Product_909,838,18,2025-05-26 20:03:43
910,Product_910,824,16,2025-05-26 20:03:43
911,Product_911,158,46,2025-05-26 20:03:43
912,Product_912,89,24,2025-05-26 20:03:43
913,Product_913,895,28,2025-05-26 20:03:43
914,Product_914,222,47,2025-05-26 20:03:43
915,Product_915,212,38,2025-05-26 20:03:43
916,Product_916,773,29,2025-05-26 20:03:43
917,Product_917,238,33,2025-05-26 20:03:43
918,Product_918,685,43,2025-05-26 20:03:43
919,Product_919,236,35,2025-05-26 20:03:43
920,Product_920,668,47,2025-05-26 20:03:43
921,Product_921,541,27,2025-05-26 20:03:43
922,Product_922,450,48,2025-05-26 20:03:43
923,Product_923,411,42,2025-05-26 20:03:43
924,Product_924,56,24,2025-05-26 20:03:43
925,Product_925,242,27,2025-05-26 20:03:43
926,Product_926,314,49,2025-05-26 20:03:43
927,Product_927,535,20,2025-05-26 20:03:43
928,Product_928,152,46,2025-05-26 20:03:43
929,Product_929,424,12,2025-05-26 20:03:43
930,Product_930,522,25,2025-05-26 20:03:43
931,Product_931,382,5,2025-05-26 20:03:43
932,Product_932,575,12,2025-05-26 20:03:43
933,Product_933,895,33,2025-05-26 20:03:43
934,Product_934,268,36,2025-05-26 20:03:43
935,Product_935,665,42,2025-05-26 20:03:43
936,Product_936,480,9,2025-05-26 20:03:43
937,Product_937,962,26,2025-05-26 20:03:43
938,Product_938,980,38,2025-05-26 20:03:43
939,Product_939,21,5,2025-05-26 20:03:43
940,Product_940,339,30,2025-05-26 20:03:43
941,Product_941,745,47,2025-05-26 20:03:43
942,Product_942,793,14,2025-05-26 20:03:43
943,Product_943,977,34,2025-05-26 20:03:43
944,Product_944,367,22,2025-05-26 20:03:43
945,Product_945,981,21,2025-05-26 20:03:43
946,Product_946,417,30,2025-05-26 20:03:43
947,Product_947,677,12,2025-05-26 20:03:43
948,Product_948,382,44,2025-05-26 20:03:43
949,Product_949,17,16,2025-05-26 20:03:43
950,Product_950,131,31,2025-05-26 20:03:43
951,Product_951,357,12,2025-05-26 20:03:43
952,Product_952,685,29,2025-05-26 20:03:43
953,Product_953,99,8,2025-05-26 20:03:43
954,Product_954,657,37,2025-05-26 20:03:43
955,Product_955,707,5,2025-05-26 20:03:43
956,Product_956,325,23,2025-05-26 20:03:43
957,Product_957,187,35,2025-05-26 20:03:43
958,Product_958,549,20,2025-05-26 20:03:43
959,Product_959,741,18,2025-05-26 20:03:43
960,Product_960,878,9,2025-05-26 20:03:43
961,Product_961,50,45,2025-05-26 20:03:43
962,Product_962,749,30,2025-05-26 20:03:43
963,Product_963,713,32,2025-05-26 20:03:43
964,Product_964,932,6,2025-05-26 20:03:43
965,Product_965,511,10,2025-05-26 20:03:43
966,Product_966,968,13,2025-05-26 20:03:43
967,Product_967,154,37,2025-05-26 20:03:43
968,Product_968,210,45,2025-05-26 20:03:43
969,Product_969,938,29,2025-05-26 20:03:43
970,Product_970,733,17,2025-05-26 20:03:43
971,Product_971,470,13,2025-05-26 20:03:43
972,Product_972,741,17,2025-05-26 20:03:43
973,Product_973,761,35,2025-05-26 20:03:43
974,Product_974,934,45,2025-05-26 20:03:43
975,Product_975,918,15,2025-05-26 20:03:43
976,Product_976,567,8,2025-05-26 20:03:43
977,Product_977,556,38,2025-05-26 20:03:43
978,Product_978,262,42,2025-05-26 20:03:43
979,Product_979,399,8,2025-05-26 20:03:43
980,Product_980,603,42,2025-05-26 20:03:43
981,Product_981,892,23,2025-05-26 20:03:43
982,Product_982,265,10,2025-05-26 20:03:43
983,Product_983,718,38,2025-05-26 20:03:43
984,Product_984,824,22,2025-05-26 20:03:43
985,Product_985,930,17,2025-05-26 20:03:43
986,Product_986,459,45,2025-05-26 20:03:43
987,Product_987,19,27,2025-05-26 20:03:43
988,Product_988,833,23,2025-05-26 20:03:43
989,Product_989,807,49,2025-05-26 20:03:43
990,Product_990,251,15,2025-05-26 20:03:43
991,Product_991,260,5,2025-05-26 20:03:43
992,Product_992,886,28,2025-05-26 20:03:43
993,Product_993,14,11,2025-05-26 20:03:43
994,Product_994,128,29,2025-05-26 20:03:43
995,Product_995,810,25,2025-05-26 20:03:43
996,Product_996,383,19,2025-05-26 20:03:43
997,Product_997,74,5,2025-05-26 20:03:43
998,Product_998,155,16,2025-05-26 20:03:43
999,Product_999,233,11,2025-05-26 20:03:43
1000,Product_1000,248,19,2025-05-26 20:03:43
1001,Product_1001,186,25,2025-05-26 20:03:43
1002,Product_1002,788,23,2025-05-26 20:03:43
1003,Product_1003,862,33,2025-05-26 20:03:43
1004,Product_1004,291,29,2025-05-26 20:03:43
1005,Product_1005,72,37,2025-05-26 20:03:43
1006,Product_1006,226,36,2025-05-26 20:03:43
1007,Product_1007,863,39,2025-05-26 20:03:43
1008,Product_1008,836,48,2025-05-26 20:03:43
1009,Product_1009,804,42,2025-05-26 20:03:43
1010,Product_1010,698,30,2025-05-26 20:03:43
1011,Product_1011,470,15,2025-05-26 20:03:43
1012,Product_1012,938,39,2025-05-26 20:03:43
1013,Product_1013,619,12,2025-05-26 20:03:43
1014,Product_1014,114,18,2025-05-26 20:03:43
1015,Product_1015,108,14,2025-05-26 20:03:43
1016,Product_1016,520,6,2025-05-26 20:03:43
1017,Product_1017,394,13,2025-05-26 20:03:43
1018,Product_1018,414,7,2025-05-26 20:03:43
1019,Product_1019,832,25,2025-05-26 20:03:43
1020,Product_1020,527,30,2025-05-26 20:03:43
1021,Product_1021,485,12,2025-05-26 20:03:43
1022,Product_1022,986,6,2025-05-26 20:03:43
1023,Product_1023,718,10,2025-05-26 20:03:43
1024,Product_1024,872,32,2025-05-26 20:03:43
1025,Product_1025,654,33,2025-05-26 20:03:43
1026,Product_1026,879,30,2025-05-26 20:03:43
1027,Product_1027,780,29,2025-05-26 20:03:43
1028,Product_1028,446,16,2025-05-26 20:03:43
1029,Product_1029,32,9,2025-05-26 20:03:43
1030,Product_1030,574,38,2025-05-26 20:03:43
1031,Product_1031,686,41,2025-05-26 20:03:43
1032,Product_1032,723,19,2025-05-26 20:03:43
1033,Product_1033,467,48,2025-05-26 20:03:43
1034,Product_1034,92,40,2025-05-26 20:03:43
1035,Product_1035,154,19,2025-05-26 20:03:43
1036,Product_1036,94,47,2025-05-26 20:03:43
1037,Product_1037,87,27,2025-05-26 20:03:43
1038,Product_1038,466,10,2025-05-26 20:03:43
1039,Product_1039,887,48,2025-05-26 20:03:43
1040,Product_1040,10,47,2025-05-26 20:03:43
1041,Product_1041,60,49,2025-05-26 20:03:43
1042,Product_1042,694,25,2025-05-26 20:03:43
1043,Product_1043,726,27,2025-05-26 20:03:43
1044,Product_1044,781,47,2025-05-26 20:03:43
1045,Product_1045,455,20,2025-05-26 20:03:43
1046,Product_1046,458,19,2025-05-26 20:03:43
1047,Product_1047,890,29,2025-05-26 20:03:43
1048,Product_1048,497,40,2025-05-26 20:03:43
1049,Product_1049,809,15,2025-05-26 20:03:43
1050,Product_1050,43,19,2025-05-26 20:03:43
1051,Product_1051,357,8,2025-05-26 20:03:43
1052,Product_1052,104,25,2025-05-26 20:03:43
1053,Product_1053,81,17,2025-05-26 20:03:43
1054,Product_1054,560,26,2025-05-26 20:03:43
1055,Product_1055,163,23,2025-05-26 20:03:43
1056,Product_1056,259,38,2025-05-26 20:03:43
1057,Product_1057,683,18,2025-05-26 20:03:43
1058,Product_1058,447,8,2025-05-26 20:03:43
1059,Product_1059,127,31,2025-05-26 20:03:43
1060,Product_1060,780,33,2025-05-26 20:03:43
1061,Product_1061,900,32,2025-05-26 20:03:43
1062,Product_1062,315,39,2025-05-26 20:03:43
1063,Product_1063,277,12,2025-05-26 20:03:43
1064,Product_1064,970,20,2025-05-26 20:03:43
1065,Product_1065,63,46,2025-05-26 20:03:43
1066,Product_1066,245,40,2025-05-26 20:03:43
1067,Product_1067,398,34,2025-05-26 20:03:43
1068,Product_1068,999,22,2025-05-26 20:03:43
1069,Product_1069,743,6,2025-05-26 20:03:43
1070,Product_1070,772,17,2025-05-26 20:03:43
1071,Product_1071,834,8,2025-05-26 20:03:43
1072,Product_1072,410,30,2025-05-26 20:03:43
1073,Product_1073,633,29,2025-05-26 20:03:43
1074,Product_1074,776,34,2025-05-26 20:03:43
1075,Product_1075,312,15,2025-05-26 20:03:43
1076,Product_1076,928,11,2025-05-26 20:03:43
1077,Product_1077,216,35,2025-05-26 20:03:43
1078,Product_1078,238,48,2025-05-26 20:03:43
1079,Product_1079,862,14,2025-05-26 20:03:43
1080,Product_1080,919,43,2025-05-26 20:03:43
1081,Product_1081,587,17,2025-05-26 20:03:43
1082,Product_1082,84,35,2025-05-26 20:03:43
1083,Product_1083,444,11,2025-05-26 20:03:43
1084,Product_1084,112,46,2025-05-26 20:03:43
1085,Product_1085,431,46,2025-05-26 20:03:43
1086,Product_1086,713,40,2025-05-26 20:03:43
1087,Product_1087,773,24,2025-05-26 20:03:43
1088,Product_1088,747,8,2025-05-26 20:03:43
1089,Product_1089,815,11,2025-05-26 20:03:43
1090,Product_1090,315,5,2025-05-26 20:03:43
1091,Product_1091,107,48,2025-05-26 20:03:43
1092,Product_1092,859,49,2025-05-26 20:03:43
1093,Product_1093,807,46,2025-05-26 20:03:43
1094,Product_1094,344,17,2025-05-26 20:03:43
1095,Product_1095,868,26,2025-05-26 20:03:43
1096,Product_1096,444,25,2025-05-26 20:03:43
1097,Product_1097,456,26,2025-05-26 20:03:43
1098,Product_1098,317,32,2025-05-26 20:03:43
1099,Product_1099,258,13,2025-05-26 20:03:43
1100,Product_1100,175,30,2025-05-26 20:03:43
1101,Product_1101,490,13,2025-05-26 20:03:43
1102,Product_1102,993,19,2025-05-26 20:03:43
1103,Product_1103,344,14,2025-05-26 20:03:43
1104,Product_1104,551,28,2025-05-26 20:03:43
1105,Product_1105,768,46,2025-05-26 20:03:43
1106,Product_1106,115,12,2025-05-26 20:03:43
1107,Product_1107,572,28,2025-05-26 20:03:43
1108,Product_1108,90,20,2025-05-26 20:03:43
1109,Product_1109,142,30,2025-05-26 20:03:43
1110,Product_1110,806,31,2025-05-26 20:03:43
1111,Product_1111,909,41,2025-05-26 20:03:43
1112,Product_1112,147,8,2025-05-26 20:03:43
1113,Product_1113,193,28,2025-05-26 20:03:43
1114,Product_1114,410,23,2025-05-26 20:03:43
1115,Product_1115,339,40,2025-05-26 20:03:43
1116,Product_1116,794,43,2025-05-26 20:03:43
1117,Product_1117,517,14,2025-05-26 20:03:43
1118,Product_1118,861,29,2025-05-26 20:03:43
1119,Product_1119,993,22,2025-05-26 20:03:43
1120,Product_1120,78,23,2025-05-26 20:03:43
1121,Product_1121,555,40,2025-05-26 20:03:43
1122,Product_1122,783,14,2025-05-26 20:03:43
1123,Product_1123,62,37,2025-05-26 20:03:43
1124,Product_1124,459,9,2025-05-26 20:03:43
1125,Product_1125,214,39,2025-05-26 20:03:43
1126,Product_1126,135,48,2025-05-26 20:03:43
1127,Product_1127,756,38,2025-05-26 20:03:43
1128,Product_1128,52,37,2025-05-26 20:03:43
1129,Product_1129,761,25,2025-05-26 20:03:43
1130,Product_1130,980,21,2025-05-26 20:03:43
1131,Product_1131,892,26,2025-05-26 20:03:43
1132,Product_1132,120,41,2025-05-26 20:03:43
1133,Product_1133,770,19,2025-05-26 20:03:43
1134,Product_1134,672,39,2025-05-26 20:03:43
1135,Product_1135,192,32,2025-05-26 20:03:43
1136,Product_1136,857,11,2025-05-26 20:03:43
1137,Product_1137,104,36,2025-05-26 20:03:43
1138,Product_1138,980,15,2025-05-26 20:03:43
1139,Product_1139,383,14,2025-05-26 20:03:43
1140,Product_1140,921,13,2025-05-26 20:03:43
1141,Product_1141,529,18,2025-05-26 20:03:43
1142,Product_1142,909,17,2025-05-26 20:03:43
1143,Product_1143,369,29,2025-05-26 20:03:43
1144,Product_1144,909,6,2025-05-26 20:03:43
1145,Product_1145,705,39,2025-05-26 20:03:43
1146,Product_1146,290,11,2025-05-26 20:03:43
1147,Product_1147,204,25,2025-05-26 20:03:43
1148,Product_1148,873,22,2025-05-26 20:03:43
1149,Product_1149,204,7,2025-05-26 20:03:43
1150,Product_1150,676,46,2025-05-26 20:03:43
1151,Product_1151,102,43,2025-05-26 20:03:43
1152,Product_1152,681,45,2025-05-26 20:03:43
1153,Product_1153,955,15,2025-05-26 20:03:43
1154,Product_1154,70,43,2025-05-26 20:03:43
1155,Product_1155,643,28,2025-05-26 20:03:43
1156,Product_1156,60,23,2025-05-26 20:03:43
1157,Product_1157,412,8,2025-05-26 20:03:43
1158,Product_1158,798,30,2025-05-26 20:03:43
1159,Product_1159,14,42,2025-05-26 20:03:43
1160,Product_1160,475,46,2025-05-26 20:03:43
1161,Product_1161,613,36,2025-05-26 20:03:43
1162,Product_1162,691,43,2025-05-26 20:03:43
1163,Product_1163,838,49,2025-05-26 20:03:43
1164,Product_1164,543,40,2025-05-26 20:03:43
1165,Product_1165,414,44,2025-05-26 20:03:43
1166,Product_1166,847,41,2025-05-26 20:03:43
1167,Product_1167,522,37,2025-05-26 20:03:43
1168,Product_1168,654,40,2025-05-26 20:03:43
1169,Product_1169,242,7,2025-05-26 20:03:43
1170,Product_1170,533,13,2025-05-26 20:03:43
1171,Product_1171,355,12,2025-05-26 20:03:43
1172,Product_1172,55,37,2025-05-26 20:03:43
1173,Product_1173,555,10,2025-05-26 20:03:43
1174,Product_1174,954,45,2025-05-26 20:03:43
1175,Product_1175,87,43,2025-05-26 20:03:43
1176,Product_1176,739,8,2025-05-26 20:03:43
1177,Product_1177,822,17,2025-05-26 20:03:43
1178,Product_1178,932,6,2025-05-26 20:03:43
1179,Product_1179,82,9,2025-05-26 20:03:43
1180,Product_1180,803,48,2025-05-26 20:03:43
1181,Product_1181,258,31,2025-05-26 20:03:43
1182,Product_1182,56,36,2025-05-26 20:03:43
1183,Product_1183,130,25,2025-05-26 20:03:43
1184,Product_1184,223,12,2025-05-26 20:03:43
1185,Product_1185,248,42,2025-05-26 20:03:43
1186,Product_1186,65,12,2025-05-26 20:03:43
1187,Product_1187,359,7,2025-05-26 20:03:43
1188,Product_1188,116,48,2025-05-26 20:03:43
1189,Product_1189,840,7,2025-05-26 20:03:43
1190,Product_1190,57,26,2025-05-26 20:03:43
1191,Product_1191,582,10,2025-05-26 20:03:43
1192,Product_1192,346,6,2025-05-26 20:03:43
1193,Product_1193,35,27,2025-05-26 20:03:43
1194,Product_1194,813,48,2025-05-26 20:03:43
1195,Product_1195,266,6,2025-05-26 20:03:43
1196,Product_1196,17,42,2025-05-26 20:03:43
1197,Product_1197,634,21,2025-05-26 20:03:43
1198,Product_1198,876,39,2025-05-26 20:03:43
1199,Product_1199,262,38,2025-05-26 20:03:43
1200,Product_1200,701,27,2025-05-26 20:03:43
1201,Product_1201,728,34,2025-05-26 20:03:43
1202,Product_1202,312,12,2025-05-26 20:03:43
1203,Product_1203,648,26,2025-05-26 20:03:43
1204,Product_1204,65,48,2025-05-26 20:03:43
1205,Product_1205,735,40,2025-05-26 20:03:43
1206,Product_1206,535,9,2025-05-26 20:03:43
1207,Product_1207,483,17,2025-05-26 20:03:43
1208,Product_1208,37,33,2025-05-26 20:03:43
1209,Product_1209,992,35,2025-05-26 20:03:43
1210,Product_1210,87,20,2025-05-26 20:03:43
1211,Product_1211,225,46,2025-05-26 20:03:43
1212,Product_1212,395,34,2025-05-26 20:03:43
1213,Product_1213,374,20,2025-05-26 20:03:43
1214,Product_1214,675,16,2025-05-26 20:03:43
1215,Product_1215,535,21,2025-05-26 20:03:43
1216,Product_1216,708,20,2025-05-26 20:03:43
1217,Product_1217,321,16,2025-05-26 20:03:43
1218,Product_1218,892,12,2025-05-26 20:03:43
1219,Product_1219,16,24,2025-05-26 20:03:43
1220,Product_1220,12,7,2025-05-26 20:03:43
1221,Product_1221,632,20,2025-05-26 20:03:43
1222,Product_1222,928,34,2025-05-26 20:03:43
1223,Product_1223,759,49,2025-05-26 20:03:43
1224,Product_1224,372,27,2025-05-26 20:03:43
1225,Product_1225,760,32,2025-05-26 20:03:43
1226,Product_1226,517,44,2025-05-26 20:03:43
1227,Product_1227,283,9,2025-05-26 20:03:43
1228,Product_1228,515,24,2025-05-26 20:03:43
1229,Product_1229,815,44,2025-05-26 20:03:43
1230,Product_1230,748,48,2025-05-26 20:03:43
1231,Product_1231,892,5,2025-05-26 20:03:43
1232,Product_1232,24,34,2025-05-26 20:03:43
1233,Product_1233,201,25,2025-05-26 20:03:43
1234,Product_1234,994,24,2025-05-26 20:03:43
1235,Product_1235,640,10,2025-05-26 20:03:43
1236,Product_1236,494,26,2025-05-26 20:03:43
1237,Product_1237,37,22,2025-05-26 20:03:43
1238,Product_1238,723,12,2025-05-26 20:03:43
1239,Product_1239,48,43,2025-05-26 20:03:43
1240,Product_1240,962,36,2025-05-26 20:03:43
1241,Product_1241,282,37,2025-05-26 20:03:43
1242,Product_1242,240,20,2025-05-26 20:03:43
1243,Product_1243,95,16,2025-05-26 20:03:43
1244,Product_1244,483,42,2025-05-26 20:03:43
1245,Product_1245,135,38,2025-05-26 20:03:43
1246,Product_1246,821,18,2025-05-26 20:03:43
1247,Product_1247,546,40,2025-05-26 20:03:43
1248,Product_1248,154,37,2025-05-26 20:03:43
1249,Product_1249,534,27,2025-05-26 20:03:43
1250,Product_1250,221,49,2025-05-26 20:03:43
1251,Product_1251,34,6,2025-05-26 20:03:43
1252,Product_1252,589,45,2025-05-26 20:03:43
1253,Product_1253,403,25,2025-05-26 20:03:43
1254,Product_1254,76,6,2025-05-26 20:03:43
1255,Product_1255,242,31,2025-05-26 20:03:43
1256,Product_1256,118,13,2025-05-26 20:03:43
1257,Product_1257,155,5,2025-05-26 20:03:43
1258,Product_1258,120,15,2025-05-26 20:03:43
1259,Product_1259,237,7,2025-05-26 20:03:43
1260,Product_1260,120,27,2025-05-26 20:03:43
1261,Product_1261,479,30,2025-05-26 20:03:43
1262,Product_1262,43,8,2025-05-26 20:03:43
1263,Product_1263,632,22,2025-05-26 20:03:43
1264,Product_1264,785,10,2025-05-26 20:03:43
1265,Product_1265,945,39,2025-05-26 20:03:43
1266,Product_1266,378,26,2025-05-26 20:03:43
1267,Product_1267,757,47,2025-05-26 20:03:43
1268,Product_1268,604,19,2025-05-26 20:03:43
1269,Product_1269,563,26,2025-05-26 20:03:43
1270,Product_1270,434,41,2025-05-26 20:03:43
1271,Product_1271,622,46,2025-05-26 20:03:43
1272,Product_1272,527,16,2025-05-26 20:03:43
1273,Product_1273,701,46,2025-05-26 20:03:43
1274,Product_1274,291,42,2025-05-26 20:03:43
1275,Product_1275,329,22,2025-05-26 20:03:43
1276,Product_1276,747,49,2025-05-26 20:03:43
1277,Product_1277,452,39,2025-05-26 20:03:43
1278,Product_1278,961,34,2025-05-26 20:03:43
1279,Product_1279,324,28,2025-05-26 20:03:43
1280,Product_1280,886,46,2025-05-26 20:03:43
1281,Product_1281,975,34,2025-05-26 20:03:43
1282,Product_1282,750,18,2025-05-26 20:03:43
1283,Product_1283,386,10,2025-05-26 20:03:43
1284,Product_1284,298,7,2025-05-26 20:03:43
1285,Product_1285,446,20,2025-05-26 20:03:43
1286,Product_1286,671,11,2025-05-26 20:03:43
1287,Product_1287,286,18,2025-05-26 20:03:43
1288,Product_1288,719,13,2025-05-26 20:03:43
1289,Product_1289,591,19,2025-05-26 20:03:43
1290,Product_1290,512,25,2025-05-26 20:03:43
1291,Product_1291,633,39,2025-05-26 20:03:43
1292,Product_1292,525,6,2025-05-26 20:03:43
1293,Product_1293,359,31,2025-05-26 20:03:43
1294,Product_1294,852,6,2025-05-26 20:03:43
1295,Product_1295,455,39,2025-05-26 20:03:43
1296,Product_1296,839,22,2025-05-26 20:03:43
1297,Product_1297,359,18,2025-05-26 20:03:43
1298,Product_1298,616,24,2025-05-26 20:03:43
1299,Product_1299,673,22,2025-05-26 20:03:43
1300,Product_1300,832,14,2025-05-26 20:03:43
1301,Product_1301,146,29,2025-05-26 20:03:43
1302,Product_1302,768,6,2025-05-26 20:03:43
1303,Product_1303,908,29,2025-05-26 20:03:43
1304,Product_1304,252,37,2025-05-26 20:03:43
1305,Product_1305,552,40,2025-05-26 20:03:43
1306,Product_1306,49,35,2025-05-26 20:03:43
1307,Product_1307,238,18,2025-05-26 20:03:43
1308,Product_1308,557,5,2025-05-26 20:03:43
1309,Product_1309,929,20,2025-05-26 20:03:43
1310,Product_1310,232,7,2025-05-26 20:03:43
1311,Product_1311,15,39,2025-05-26 20:03:43
1312,Product_1312,331,45,2025-05-26 20:03:43
1313,Product_1313,477,10,2025-05-26 20:03:43
1314,Product_1314,741,29,2025-05-26 20:03:43
1315,Product_1315,84,17,2025-05-26 20:03:43
1316,Product_1316,13,38,2025-05-26 20:03:43
1317,Product_1317,856,12,2025-05-26 20:03:43
1318,Product_1318,655,25,2025-05-26 20:03:43
1319,Product_1319,127,38,2025-05-26 20:03:43
1320,Product_1320,890,8,2025-05-26 20:03:43
1321,Product_1321,615,29,2025-05-26 20:03:43
1322,Product_1322,513,19,2025-05-26 20:03:43
1323,Product_1323,956,8,2025-05-26 20:03:43
1324,Product_1324,583,49,2025-05-26 20:03:43
1325,Product_1325,450,16,2025-05-26 20:03:43
1326,Product_1326,203,36,2025-05-26 20:03:43
1327,Product_1327,856,36,2025-05-26 20:03:43
1328,Product_1328,724,32,2025-05-26 20:03:43
1329,Product_1329,401,17,2025-05-26 20:03:43
1330,Product_1330,35,35,2025-05-26 20:03:43
1331,Product_1331,444,18,2025-05-26 20:03:43
1332,Product_1332,182,24,2025-05-26 20:03:43
1333,Product_1333,309,22,2025-05-26 20:03:43
1334,Product_1334,654,33,2025-05-26 20:03:43
1335,Product_1335,335,10,2025-05-26 20:03:43
1336,Product_1336,419,36,2025-05-26 20:03:43
1337,Product_1337,127,33,2025-05-26 20:03:43
1338,Product_1338,845,47,2025-05-26 20:03:43
1339,Product_1339,796,6,2025-05-26 20:03:43
1340,Product_1340,733,27,2025-05-26 20:03:43
1341,Product_1341,234,23,2025-05-26 20:03:43
1342,Product_1342,541,35,2025-05-26 20:03:43
1343,Product_1343,122,9,2025-05-26 20:03:43
1344,Product_1344,149,23,2025-05-26 20:03:43
1345,Product_1345,568,38,2025-05-26 20:03:43
1346,Product_1346,10,14,2025-05-26 20:03:43
1347,Product_1347,99,29,2025-05-26 20:03:43
1348,Product_1348,663,6,2025-05-26 20:03:43
1349,Product_1349,329,15,2025-05-26 20:03:43
1350,Product_1350,559,35,2025-05-26 20:03:43
1351,Product_1351,814,19,2025-05-26 20:03:43
1352,Product_1352,903,13,2025-05-26 20:03:43
1353,Product_1353,148,27,2025-05-26 20:03:43
1354,Product_1354,520,23,2025-05-26 20:03:43
1355,Product_1355,877,13,2025-05-26 20:03:43
1356,Product_1356,854,39,2025-05-26 20:03:43
1357,Product_1357,268,25,2025-05-26 20:03:43
1358,Product_1358,682,13,2025-05-26 20:03:43
1359,Product_1359,911,32,2025-05-26 20:03:43
1360,Product_1360,699,11,2025-05-26 20:03:43
1361,Product_1361,19,20,2025-05-26 20:03:43
1362,Product_1362,270,20,2025-05-26 20:03:43
1363,Product_1363,928,37,2025-05-26 20:03:43
1364,Product_1364,659,8,2025-05-26 20:03:43
1365,Product_1365,181,8,2025-05-26 20:03:43
1366,Product_1366,907,43,2025-05-26 20:03:43
1367,Product_1367,22,44,2025-05-26 20:03:43
1368,Product_1368,177,21,2025-05-26 20:03:43
1369,Product_1369,651,41,2025-05-26 20:03:43
1370,Product_1370,605,43,2025-05-26 20:03:43
1371,Product_1371,330,33,2025-05-26 20:03:43
1372,Product_1372,328,40,2025-05-26 20:03:43
1373,Product_1373,622,42,2025-05-26 20:03:43
1374,Product_1374,338,43,2025-05-26 20:03:43
1375,Product_1375,794,41,2025-05-26 20:03:43
1376,Product_1376,786,39,2025-05-26 20:03:43
1377,Product_1377,980,11,2025-05-26 20:03:43
1378,Product_1378,920,31,2025-05-26 20:03:43
1379,Product_1379,929,32,2025-05-26 20:03:43
1380,Product_1380,559,26,2025-05-26 20:03:43
1381,Product_1381,428,18,2025-05-26 20:03:43
1382,Product_1382,615,11,2025-05-26 20:03:43
1383,Product_1383,104,41,2025-05-26 20:03:43
1384,Product_1384,826,26,2025-05-26 20:03:43
1385,Product_1385,590,9,2025-05-26 20:03:43
1386,Product_1386,327,6,2025-05-26 20:03:43
1387,Product_1387,965,31,2025-05-26 20:03:43
1388,Product_1388,245,25,2025-05-26 20:03:43
1389,Product_1389,955,42,2025-05-26 20:03:43
1390,Product_1390,343,19,2025-05-26 20:03:43
1391,Product_1391,894,25,2025-05-26 20:03:43
1392,Product_1392,385,14,2025-05-26 20:03:43
1393,Product_1393,468,27,2025-05-26 20:03:43
1394,Product_1394,146,43,2025-05-26 20:03:43
1395,Product_1395,939,9,2025-05-26 20:03:43
1396,Product_1396,597,5,2025-05-26 20:03:43
1397,Product_1397,556,17,2025-05-26 20:03:43
1398,Product_1398,522,25,2025-05-26 20:03:43
1399,Product_1399,305,30,2025-05-26 20:03:43
1400,Product_1400,329,49,2025-05-26 20:03:43
1401,Product_1401,927,25,2025-05-26 20:03:43
1402,Product_1402,581,22,2025-05-26 20:03:43
1403,Product_1403,841,41,2025-05-26 20:03:43
1404,Product_1404,358,49,2025-05-26 20:03:43
1405,Product_1405,849,36,2025-05-26 20:03:43
1406,Product_1406,788,40,2025-05-26 20:03:43
1407,Product_1407,882,21,2025-05-26 20:03:43
1408,Product_1408,238,39,2025-05-26 20:03:43
1409,Product_1409,279,15,2025-05-26 20:03:43
1410,Product_1410,837,25,2025-05-26 20:03:43
1411,Product_1411,807,30,2025-05-26 20:03:43
1412,Product_1412,300,8,2025-05-26 20:03:43
1413,Product_1413,734,38,2025-05-26 20:03:43
1414,Product_1414,174,22,2025-05-26 20:03:43
1415,Product_1415,14,44,2025-05-26 20:03:43
1416,Product_1416,860,39,2025-05-26 20:03:43
1417,Product_1417,388,45,2025-05-26 20:03:43
1418,Product_1418,87,33,2025-05-26 20:03:43
1419,Product_1419,419,33,2025-05-26 20:03:43
1420,Product_1420,583,42,2025-05-26 20:03:43
1421,Product_1421,141,46,2025-05-26 20:03:43
1422,Product_1422,610,25,2025-05-26 20:03:43
1423,Product_1423,758,46,2025-05-26 20:03:43
1424,Product_1424,51,17,2025-05-26 20:03:43
1425,Product_1425,98,45,2025-05-26 20:03:43
1426,Product_1426,411,21,2025-05-26 20:03:43
1427,Product_1427,305,13,2025-05-26 20:03:43
1428,Product_1428,849,45,2025-05-26 20:03:43
1429,Product_1429,304,5,2025-05-26 20:03:43
1430,Product_1430,625,6,2025-05-26 20:03:43
1431,Product_1431,535,33,2025-05-26 20:03:43
1432,Product_1432,809,37,2025-05-26 20:03:43
1433,Product_1433,700,14,2025-05-26 20:03:43
1434,Product_1434,646,44,2025-05-26 20:03:43
1435,Product_1435,431,25,2025-05-26 20:03:43
1436,Product_1436,874,32,2025-05-26 20:03:43
1437,Product_1437,32,15,2025-05-26 20:03:43
1438,Product_1438,584,38,2025-05-26 20:03:43
1439,Product_1439,152,12,2025-05-26 20:03:43
1440,Product_1440,674,26,2025-05-26 20:03:43
1441,Product_1441,154,12,2025-05-26 20:03:43
1442,Product_1442,234,19,2025-05-26 20:03:43
1443,Product_1443,512,21,2025-05-26 20:03:43
1444,Product_1444,971,27,2025-05-26 20:03:43
1445,Product_1445,983,28,2025-05-26 20:03:43
1446,Product_1446,830,49,2025-05-26 20:03:43
1447,Product_1447,625,23,2025-05-26 20:03:43
1448,Product_1448,113,9,2025-05-26 20:03:43
1449,Product_1449,956,36,2025-05-26 20:03:43
1450,Product_1450,48,48,2025-05-26 20:03:43
1451,Product_1451,956,5,2025-05-26 20:03:43
1452,Product_1452,207,27,2025-05-26 20:03:43
1453,Product_1453,655,41,2025-05-26 20:03:43
1454,Product_1454,588,12,2025-05-26 20:03:43
1455,Product_1455,400,17,2025-05-26 20:03:43
1456,Product_1456,188,12,2025-05-26 20:03:43
1457,Product_1457,977,27,2025-05-26 20:03:43
1458,Product_1458,563,47,2025-05-26 20:03:43
1459,Product_1459,457,5,2025-05-26 20:03:43
1460,Product_1460,509,49,2025-05-26 20:03:43
1461,Product_1461,24,28,2025-05-26 20:03:43
1462,Product_1462,632,39,2025-05-26 20:03:43
1463,Product_1463,678,28,2025-05-26 20:03:43
1464,Product_1464,298,21,2025-05-26 20:03:43
1465,Product_1465,487,9,2025-05-26 20:03:43
1466,Product_1466,240,24,2025-05-26 20:03:43
1467,Product_1467,932,25,2025-05-26 20:03:43
1468,Product_1468,429,44,2025-05-26 20:03:43
1469,Product_1469,166,35,2025-05-26 20:03:43
1470,Product_1470,559,40,2025-05-26 20:03:43
1471,Product_1471,450,15,2025-05-26 20:03:43
1472,Product_1472,106,19,2025-05-26 20:03:43
1473,Product_1473,420,23,2025-05-26 20:03:43
1474,Product_1474,960,11,2025-05-26 20:03:43
1475,Product_1475,298,32,2025-05-26 20:03:43
1476,Product_1476,263,47,2025-05-26 20:03:43
1477,Product_1477,205,9,2025-05-26 20:03:43
1478,Product_1478,607,9,2025-05-26 20:03:43
1479,Product_1479,843,34,2025-05-26 20:03:43
1480,Product_1480,531,36,2025-05-26 20:03:43
1481,Product_1481,526,12,2025-05-26 20:03:43
1482,Product_1482,644,14,2025-05-26 20:03:43
1483,Product_1483,851,42,2025-05-26 20:03:43
1484,Product_1484,874,36,2025-05-26 20:03:43
1485,Product_1485,127,32,2025-05-26 20:03:43
1486,Product_1486,815,21,2025-05-26 20:03:43
1487,Product_1487,918,35,2025-05-26 20:03:43
1488,Product_1488,168,12,2025-05-26 20:03:43
1489,Product_1489,824,44,2025-05-26 20:03:43
1490,Product_1490,237,29,2025-05-26 20:03:43
1491,Product_1491,886,13,2025-05-26 20:03:43
1492,Product_1492,225,6,2025-05-26 20:03:43
1493,Product_1493,957,19,2025-05-26 20:03:43
1494,Product_1494,705,7,2025-05-26 20:03:43
1495,Product_1495,24,40,2025-05-26 20:03:43
1496,Product_1496,166,8,2025-05-26 20:03:43
1497,Product_1497,657,18,2025-05-26 20:03:43
1498,Product_1498,270,45,2025-05-26 20:03:43
1499,Product_1499,166,45,2025-05-26 20:03:43
1500,Product_1500,56,29,2025-05-26 20:03:43
